id,url,header,text
1,https://sfr.gov.ru/grazhdanam/invalidam/,Людям с инвалидностью,"Социальный фонд России назначает государственные, страховые и социальные пенсии по инвалидности и администрирует ежемесячные выплаты в соответствии с действующими нормами пенсионного законодательства.
Фонд активно работает над расширением и совершенствованием предоставляемых услуг для инвалидов.
В этом разделе вы можете ознакомиться с информацией о пенсии по инвалидности, узнать о порядке предоставления электронных сертификатов на покупку технических средств реабилитации, а также подать заявление о назначении ежемесячных выплат инвалидам и трудоспособным лицам, ухаживающим за ними.
Бланк заявления на назначение пенсии по государственному пенсионному обеспечению по инвалидности
Правила заполнения заявления о назначении государственной пенсии по инвалидности
Перечень документов для назначения социальной пенсии
Бланк заявления на назначение социальной пенсии
Правила заполнения заявления о назначении социальной пенсии
Заявление о назначении ежемесячной компенсационной выплаты неработающему трудоспособному лицу, осуществляющему уход за нетрудоспособным гражданином
Заявление о согласии нетрудоспособного гражданина на осуществление за ним ухода неработающим трудоспособным лицо
Заявление о прекращении осуществления ухода неработающим трудоспособным лицом за нетрудоспособным гражданином
Заявление о выплате неполученных в связи со смертью нетрудоспособного гражданина сумм компенсационной выплат
Заявление о выплате начисленных сумм компенсационной выплаты, причитавшихся неработавшему трудоспособному лицу, осуществлявшему уход за нетрудоспособным гражданином, и оставшихся неполученными им в связи с его смертью
Заявление о выдаче справки о суммах компенсационной выплаты, неполученных при жизни неработавшим трудоспособным лицом, осуществлявшим уход за нетрудоспособным гражданином
Бланк заявления нетрудоспособного гражданина, инвалида с детства 1 группы или законного представителя ребенка-инвалида в возрасте до 18 лет о согласии на осуществление ухода конкретным лицом
Бланк заявления о согласии на осуществление неработающим трудоспособным лицом ухода за ребенком-инвалидом в возрасте до 18 лет или инвалидом с детства 1 групп
Перечень документов для назначения страховой пенсии по инвалидности"
2,https://sfr.gov.ru/grazhdanam/invalidam/pensions,Пенсионное обеспечение,Социальный фонд России назначает страховые пенсии и пенсии по государственному обеспечению и администрирует ежемесячные выплаты пенсионерам в соответствии с действующими нормами пенсионного законодательства Российской Федерации. Фонд активно работает над расширением и совершенствованием предоставляемых услуг для пенсионеров.
3,https://sfr.gov.ru/grazhdanam/invalidam/tsr,Технические средства реабилитации,"Видеоролик ""Помощь инвалидам ТСР""
Социальный фонд России обеспечивает людей с инвалидностью техническими средствами реабилитации в рамках закона № 181-ФЗ «О социальной защите инвалидов в Российской Федерации». По желанию граждане могут выбрать один из двух способов обеспечения:
в натуральном виде
с использованием электронного сертификата
Главные условия получения ТСР — установление инвалидности и назначение соответствующего вида ТСР в индивидуальной программе реабилитации и абилитации (ИПРА). Ветеранам необходимо получить заключение врачебной комиссии (ЗВК). ИПРА оформляется в территориальном бюромедико-социальной экспертизы (МСЭ)по месту жительства. Ветеранам необходимо обратиться в поликлинику.
В ИПРА / ЗВК указываются все рекомендации врачей по улучшению качества жизни, включая технические средства, которые необходимы для их выполнения. При этом важно, чтобы, помимо вида ТСР, были указаны его характеристики. Это позволит подобрать средство реабилитации, максимально подходящее конкретному человеку.
С 1 июля 2022 года МСЭ можно пройти заочно, однако, если в заключениях врачей есть спорные моменты, потребуется личное присутствие пациента.
Помимо обеспечения техническими средствами реабилитации, Соцфонд оказывает гражданам с инвалидностью услуги по ремонту или замене ранее предоставленных технических средств (изделий), в том числе по досрочному ремонту / замене.
Средневзвешенные цены на ТСР по федеральным округам с 1 марта 2024 года. Информация для инвалидов, оформляющих компенсацию расходов за технические средства реабилитации, самостоятельно приобретенные в 2024 году
С 1 января 2025 года можно воспользоваться следующими формами обеспечения техническими средствами реабилитации:путем формирования электронного сертификата или в натуральной форме, путем получения направления в организацию, обеспечивающую техническими средствами реабилитации.
Право на выплату компенсации сохраняется только по техническим средствам реабилитации, приобретенным до 1 января 2025 года."
4,https://sfr.gov.ru/grazhdanam/invalidam/vyplaty_i_lgoty,Денежные выплаты и социальные льготы,"Инвалиды и дети-инвалиды имеют право наежемесячную денежную выплату. Ежемесячная денежная выплата инвалидам и детям-инвалидам устанавливается без подачи заявления со дня признания гражданина инвалидом или ребенком-инвалидом.
Гражданин, которому ежемесячная денежная выплата установлена в беззаявительном порядке, имеет право в течение одного месяца со дня получения извещения обратиться с заявлением об отказе от получения установленной ему ежемесячной денежной выплаты и обратиться с заявлением о ее назначении вновь или по другому основанию."
5,https://sfr.gov.ru/grazhdanam/invalidam/pensions/soc_pens_inv/,Социальная пенсия по инвалидности. Условия назначения,"Социальная пенсия по инвалидности назначается нетрудоспособным гражданам, постоянно проживающим на территории Российской Федерации, выплачивается из федерального бюджета детям и взрослым гражданам, которые ранее не работали и не имеют ни одного дня страхового стажа. Иностранным гражданам для получения социальной пенсии необходимо постоянно проживать в России не менее 15 лет.
Инвалиды I, II и III группы
Дети с инвалидностью
Инвалиды с детства I, II и III группы
«Инвалид с детства» — причина инвалидности, которая устанавливается гражданам старше 18 лет, если инвалидность наступила до 18 лет вследствие заболевания, травмы или дефекта, возникшего в детстве.
Размеры социальной пенсии по инвалидности без учета районного коэффициента
Дети с инвалидностью
Инвалиды с детства I группы
21 177,59 руб.
Инвалиды I группы
Инвалиды с детства II группы
17 648,24 руб.
Инвалиды II группы
8 824,08 руб.
Инвалиды III группы
7 500,53 руб.
Если пенсионер проживает в районе с тяжелыми климатическими условиями, социальная пенсия по инвалидности увеличивается на соответствующий районный коэффициент, установленный правительством РФ. Это правило действует в течение всего времени жизни пенсионера:
на Крайнем Севере
в местности, приравненной к районам Крайнего Севера
в другом районе с тяжелыми климатическими условиями (пустынных и горных местностях Калмыкии, Ростовской области, Дагестана)
Если пенсионер переезжает в местность с более мягким климатом, то для определения размера пенсии районный коэффициент уже не учитывается.
Подавать заявление о назначении социальной пенсии по инвалидности не нужно. СФР назначает ее на основании сведений о признании гражданина инвалидом и других данных о нем, которые содержатся в государственной информационной системе «Единая централизованная цифровая платформа в социальной сфере» (ЕЦП). О принятом решении гражданина извещает территориальный орган СФР.
Однако бывает, что возникают препятствия, не позволяющие выплачивать пенсию по инвалидности, назначенную беззаявительно. Например, в базе данных СФР нет номера банковского счета или адреса, по которому следует выплачивать деньги. В такой ситуации фонд уведомляет гражданина об условиях, которые он должен выполнить, чтобы начать получать пенсию. А гражданин должен выполнить указанные условия, в этом случае, подать заявление о доставке пенсии и передать в фонд необходимую информацию. Сделать это можно любым удобным способом:
через «Личный кабинет» на «Едином портале государственных и муниципальных услуг (функций)»
через любую клиентскую службу СФР
через МФЦ
При этом гражданам, живущим районах Крайнего Севера и приравненных к ним местностях, а также в сельских районах Калмыкии, Ростовской области и Дагестана с тяжелыми климатическими условиями, следует подавать заявление о месте фактического проживания в территориальный орган СФР по месту фактического проживания. Это важно для увеличения пенсии за счет районного коэффициента.
Бланк заявления о назначении социальной пенсииПравила заполнения заявления о назначении социальной пенсии
В случаях, когда социальная пенсия по инвалидности назначается беззаявительно и необходимые сведения есть в распоряжении территориального органа СФР, гражданину не нужно их подтверждать документами.
В других случаях в зависимости от обстоятельств оформления пенсии могут понадобиться документы, полный перечень которых для конкретной ситуации сообщит Социальный фонд.
Перечень документов для оформления социальной пенсии по инвалидности
Социальная пенсия по инвалидности назначается в беззаявительном порядке со дня признания инвалидом в течение пяти рабочих дней со дня регистрации в системе ЕЦП решения об установления инвалидности. Если по каким-то причинам назначение социальной пенсии по инвалидности в беззаявительном порядке невозможно, СФР уведомляет гражданина об условиях, которые необходимо выполнить для ее назначения.
Социальная пенсия по инвалидности назначается на период, в течение которого гражданин признается инвалидом, в том числе — бессрочно
Социальная пенсия по инвалидности выплачивается ежемесячно. Пенсионер вправе выбрать способ доставки пенсии и получать ее как лично, так и через доверенное лицо. Допускается выплата пенсии по доверенности, срок действия которой превышает один год. Но в этом случае пенсионер должен ежегодно подтверждать в Социальном фонде свою регистрацию по месту получения пенсии.
Через организацию федеральной почтовой связи. В этом случае можно получать пенсию на дом или на почте по месту жительства. В соответствии с графиком поступления наличных каждому пенсионеру устанавливается доставочный период, например, с 3-го по 25-е число. Если пенсия не получена в течение шести месяцев, ее выплата приостанавливается. Чтобы почта возобновила обслуживание пенсионера, он должен написать заявление в территориальный орган СФР о возобновлении выплаты пенсии.
Через банк. В этом случае можно получать пенсию в кассе отделения банка или на банковскую карту «МИР». Средства перечисляются на счет пенсионера в тот же день, когда банк получает их от территориального отделения СФР. Вознаграждение за эту операцию банк не берет. А пенсионер при необходимости в любой день может снять деньги со счета.
Чтобы выбрать или изменить способ доставки пенсии, необходимо уведомить об этом СФР любым удобным способом:
онлайн через «Личный кабинет» на «Едином портале государственных и муниципальных услуг (функций)»
подав письменное заявление в любую клиентскую службу СФР или в МФЦ
Бланк заявления о доставке пенсииОбразец заполнения заявления о доставке пенсии
Если получателем пенсии является ребенок в возрасте до 18 лет, допускается ее доставка одному из родителей (усыновителю) либо опекуну (попечителю). В этом случае пенсия зачисляется на счет указанного лица в кредитной организации или отправляется на его имя через организацию федеральной почтовой связи. С согласия родителей ребенок может также получать пенсию лично, например, на счет своей банковской карты.
Пенсия ребенка с инвалидностью, выплачиваемая через его законного представителя, поступает на номинальный счет в банке, который открывает родитель (усыновитель) , либо опекун (попечитель). Закон защищает эти средства. Они не могут быть использованы банком для погашения долга представителя ребенка перед его кредиторами."
6,https://sfr.gov.ru/grazhdanam/invalidam/pensions/strah_pens_inv/,Страховая пенсия по инвалидности,"Страховая пенсия по инвалидности устанавливается беззаявительно на основании сведений о лице, признанном инвалидом, содержащихся в государственной информационной системе «Единая централизованная цифровая платформа в социальной сфере», независимо от причины инвалидности, продолжительности страхового стажа застрахованного лица, продолжения инвалидом трудовой и (или) иной деятельности, а также от того, наступила ли инвалидность в период работы, до поступления на работу или после прекращения работы.
Страховая пенсия по инвалидности назначается гражданам с инвалидностью I, II или III группы.
В случае полного отсутствия у инвалида страхового стажа назначается социальная пенсия по инвалидности в соответствии с Федеральным законом от 15 декабря 2001 года N 166-ФЗ ""О государственном пенсионном обеспечении в Российской Федерации"".
Главные условия назначения страховой пенсии по инвалидности — наличие инвалидности и страхового стажа продолжительностью не менее одного дня. При этом не имеют значения:
причина и время наступления инвалидности
работает или нет гражданин в данный момент
Кроме того, для получения страховой пенсии по инвалидности гражданин не должен получать страховую пенсию по старости и пенсию, назначенную ему одним из силовых ведомств. Людям, у которых страховой стаж отсутствует полностью, назначается социальная пенсия по инвалидности.
Страховая пенсия по инвалидности включает две составляющие:
Страховая пенсия
Фиксированная выплата к страховой пенсии
Составляющие эти суммируются.
Размер страховой пенсииу граждан может быть разный. Он рассчитывается по формуле:Индивидуальный пенсионный коэффициент(ИПК) хСтоимость пенсионного коэффициентав текущем году
Поэтому размер страховой пенсии зависит от продолжительности страхового стажа и ИПК гражданина с инвалидностью.
Стоимость одного индивидуального пенсионного коэффициента ежегодно индексируется. В 2025 году она составляет 145,69 руб.
Фиксированная выплата к страховой пенсиитакже ежегодно индексируется. Ее размер зависит от:
группы инвалидности
количества иждивенцев, которые находятся на обеспечении гражданина с инвалидностью
местности проживания наличия стажа работы в районах Крайнего Севера и приравненных к ним местностях
С 1 января 2025 года размер фиксированной выплаты к страховой пенсии по инвалидности составляет:
18 745,06 руб. — при инвалидности I группы
8728,73 руб. — при инвалидности II группы
4364,37 руб. — при инвалидности III группы
Размер фиксированной выплаты повышается в связи с наличием у пенсионера иждивенцев. Гражданам с инвалидностью, проживающим в районах Крайнего Севера или приравненных к ним местностях, фиксированная выплата и доплату на содержание иждивенцев увеличивается на соответствующий районный коэффициент. А определенный «северный» стаж работы дает право на повышение фиксированной выплаты и доплаты на иждивенцев независимо от места жительства.
Размеры фиксированной выплаты к страховой пенсии по инвалидности для разных категорий получателей
Подавать заявление о назначении страховой пенсии по инвалидности не нужно. Социальный фонд назначает ее на основании сведений о признании гражданина инвалидом и других данных о нем, которые содержатся в государственной информационной системе «Единая централизованная цифровая платформа в социальной сфере». О принятом решении гражданина извещает территориальный орган СФР.
При этом по-прежнему сохраняется возможность назначить страховую пенсию по инвалидности по заявлению, а также подать заявление об отказе от получения установленной ему страховой пенсии по инвалидности, назначенной беззаявительно. На практике такое чаще всего бывает, если гражданин имеет также право на пенсионное обеспечение от одного из силовых ведомств и выбирает наиболее выгодный для себя вариант. В этом случае он может сначала отказаться получать страховую пенсию по инвалидности, а в дальнейшем может в любой момент изменить свое решение и написать в Социальный фонд заявление о ее назначении.
Подать заявление о назначении или отказе от ее получения можно любым способом, который удобен для гражданина:
онлайн через «Личный кабинет» на «Едином портале государственных и муниципальных услуг (функций)»
через любую клиентскую службу СФР
через МФЦ
Бланк заявления о назначении пенсииОбразец заполнения заявления о назначении пенсииБланк заявления об отказе от получения назначенной пенсииОбразец заполнения заявления об отказе от получения назначенной пенсии
В случаях, когда страховая пенсия по инвалидности назначается беззаявительно, все условия соблюдены и необходимые документы (сведения) для определения права на пенсию имеются в распоряжении территориального органа СФР, гражданину не нужно их подтверждать документами.
Для увеличения размера пенсии могут понадобиться документы, полный перечень которых для конкретной ситуации сообщит Социальный фонд.
Перечень документов для назначения страховой пенсии по инвалидности
Страховая пенсия по инвалидности назначается со дня признания инвалидом.
Страховая пенсия по инвалидности назначается на срок:
в течение которого соответствующее лицо признается инвалидом
до дня назначения страховой пенсии по старости (в том числе досрочной)
до дня достижения возраста женщинами 65 лет, мужчинами 70 лет (с учетом переходных положений, предусмотренных приложением 1 к Закону № 166-ФЗ)
Страховая пенсия по инвалидности выплачивается ежемесячно. Пенсионер вправе выбрать способ доставки пенсии и получать ее как лично, так и через доверенное лицо. Допускается выплата пенсии по доверенности, срок действия которой превышает один год. Но в этом случае пенсионер должен ежегодно подтверждать в Социальном фонде свою регистрацию по месту получения пенсии.
Через организацию федеральной почтовой связи. В этом случае можно получать пенсию на дом или на почте по месту жительства. В соответствии с графиком поступления наличных каждому пенсионеру устанавливается доставочный период, например, с 3-го по 25-е число. Если пенсия не получена в течение шести месяцев, ее выплата приостанавливается. Чтобы почта возобновила обслуживание пенсионера, он должен написать заявление в территориальный орган СФР о возобновлении выплаты пенсии.
Через банк. В этом случае можно получать пенсию в кассе отделения банка или на банковскую карту «МИР». Средства перечисляются на счет пенсионера в тот же день, когда банк получает их от территориального отделения СФР. Вознаграждение за эту операцию банк не берет. А пенсионер при необходимости в любой день может снять деньги со счета.
Чтобы выбрать или изменить способ доставки пенсии, необходимо уведомить об этом СФР любым удобным способом:
онлайн через «Личный кабинет» на «Едином портале государственных и муниципальных услуг (функций)»
подав письменное заявление в любую клиентскую службу СФР или в МФЦ
Бланк заявления о доставке пенсииОбразец заполнения заявления о доставке пенсии"
7,https://sfr.gov.ru/grazhdanam/invalidam/pensions/gos_pens_inv/,Государственная пенсия по инвалидности,"Государственная пенсия по инвалидности выплачивается из федерального бюджета. При этом для ее оформления не имеет значения наличие страхового стажа.
Государственную пенсию по инвалидности получают:
Военнослужащие, ставшие инвалидами в период прохождения ими военной службы по призыву в качестве солдат, матросов, сержантов и старшин
Граждане, пребывавшие в добровольческих формированиях
Граждане, ставшие инвалидами вследствие участия в боевых действиях в составе Вооруженных Сил ДНР, Народной милиции ЛНР, воинских формирований и органов ДНР и ЛНР
Граждане, заключившие контракт с организациями, содействующими Вооруженным Силам России, и ставшие инвалидами вследствие увечья или заболевания, полученного в ходе СВО
Участники Великой Отечественной войны
Граждане, награжденные знаками «Жителю блокадного Ленинграда», «Житель осажденного Севастополя» или «Житель осажденного Сталинграда»
Граждане, ставшие инвалидами вследствие катастрофы на Чернобыльской АЭС
Граждане, пострадавшие от других радиационных или техногенных катастроф
Космонавты
Военнослужащим, проходившим военную службу по призыву в качестве солдат, матросов, сержантов и старшин, государственная пенсия по инвалидности назначается, если:
инвалидность наступила вследствие военной травмы, полученной в период службы по призыву
инвалидность наступила не позднеетрех месяцевпосле увольнения с военной службы
инвалидность наступила позже, но ее причиной стало ранение, контузия, увечье или заболевание, полученные в период прохождения военной службы
Гражданам, пребывавшим в добровольческих формированиях, государственная пенсия по инвалидности назначается, если:
причиной инвалидности стало увечье (ранение, травма, контузия) или заболевание, полученные в период исполнения обязанностей по контракту о пребывании в добровольческом формировании
Гражданам, пребывавшим в воинских и других формированиях и органах ДНР и ЛНР, государственная пенсия по инвалидности назначается, если:
причиной инвалидности стало увечье (ранение, травма, контузия), заболевание, полученное в ходе боевых действий в составе Вооруженных Сил ДНР, Народной милиции ЛНР, воинских формирований и органов ДНР и ЛНР
гражданин с инвалидностью участвовал в боевых действиях в соответствии с решениями органов государственной власти ДНР, ЛНР с 11 мая 2014 года
Гражданам, заключившим контракт с организациями, содействующими Вооруженным Силам России, государственная пенсия по инвалидности назначается, если:
инвалидность наступила вследствие увечья (ранения, травмы, контузии), заболевания, полученного в связи с исполнением соответствующего контракта, либо в связи с иными правоотношениями с организациями, содействующими ВС РФ
гражданин получил увечье или заболевание в ходе СВО на территориях Украины, ДНР и ЛНР с 24 февраля 2022 года, а также на территориях Запорожской и Херсонской областей с 30 сентября 2022 года
Гражданам, пострадавшим в результате радиационных или техногенных катастроф, государственная пенсия по инвалидности назначается, если:
причиной инвалидности стали последствия аварии на Чернобыльской АЭС или последствия другой радиационной (техногенной) катастрофы
установлена одна из групп инвалидности
у гражданина есть страховой стаж продолжительностью не менее одного дня
гражданин не получает пенсию по старости
Участникам Великой Отечественной войны, Гражданам, награжденным знаками «Жителю блокадного Ленинграда», «Житель осажденного Севастополя» или «Житель осажденного Сталинграда», государственная пенсия по инвалидности назначается, если:
они — участники Великой Отечественной войны из числа граждан, указанных в подпунктах «а» - «ж» и «и» подпункта 1 пункта 1 статьи 2 Федерального закона от 12.01.1995 года № 5-ФЗ «О ветеранах»
они награждены знаком «Жителю блокадного Ленинграда», «Житель осажденного Севастополя» или «Житель осажденного Сталинграда»
они признаны инвалидами одной из трех групп I, II или III
причиной их инвалидности стали обстоятельства, не связанные с совершением противоправных деяний или умышленного нанесения ущерба своему здоровью (в этом случае назначается социальная пенсия)
Космонавтам государственная пенсия по инвалидности назначается, если:
инвалидность наступила в результате ранения, контузии, увечья или заболевания, связанного с подготовкой или выполнением космического полета
гражданин проходил службу в качестве кандидата в космонавты-испытатели или космонавты-исследователи, в качестве космонавта-испытателя или космонавта-исследователя, а также в качестве инструктора космонавтов-испытателей или инструктора космонавтов-исследователей (независимо от продолжительности работы)
Размеры государственных пенсий по инвалидности
База для начисления
Размер государственных пенсий по инвалидности привязан к социальной пенсии, которая увеличивается на повышающий коэффициент. Например, гражданам с I группой инвалидности с причиной инвалидности «военная травма» государственная пенсия установлена в 300% от социальной.
Базовая социальная пенсия ежегодно индексируется правительством РФ. C 1 апреля 2025 года она составляет 8824,08 руб. При этом отдельно устанавливается социальная пенсия для граждан, получивших инвалидность I группы в результате катастрофы на Чернобыльской АЭС. Ее размер — 17 648,24 руб.
При наличии иждивенцев
Если на иждивении лица с инвалидностью находятся нетрудоспособные члены семьи, то выплачивается повышенная государственная пенсия по инвалидности:
в размере социальной пенсии, в 2025 году увеличенной на 2941,36 руб. в месяц на каждого нетрудоспособного члена семьи, но не более чем на трех нетрудоспособных членов семьи (военным пенсионерам всех групп инвалидности, инвалидам из числа добровольцев, а также инвалидам I и II группы, пострадавшим в результате радиационных или техногенных катастроф)
в размере, равном разнице между 250% величины социальной пенсии, увеличенной на 2941,36 руб. в месяц на каждого нетрудоспособного члена семьи, но не более чем на трех нетрудоспособных членов семьи, и 125% величины указанной социальной пенсии (инвалидам III группы, пострадавшим в результате радиационных или техногенных катастроф)
Это правило распространяется на обеспечение:
нетрудоспособных членов семьи инвалида, пострадавшего в результате катастрофы на Чернобыльской АЭС, которые указаны в пунктах 1, 3 и 4 части 2 и части 3 статьи 10 Федерального закона от 28.12.2013 № 400-ФЗ «О страховых пенсиях»
нетрудоспособных членов семьи других категорий людей с инвалидностью, которые указаны в подпунктах 1, 3 - 5 пункта 3 статьи 8 Федерального закона от 15 декабря 2001 года № 166-ФЗ «О государственном пенсионном обеспечении в Российской Федерации»
Если гражданин проживает в районе с тяжелыми климатическими условиями
В этом случае государственная пенсия по инвалидности увеличивается на соответствующий районный коэффициент, установленный правительством РФ. Это правило действует в течение всего времени проживания пенсионера:
в районах Крайнего Севера и приравненных к ним местностях
в другом районе с тяжелыми климатическими условиями (пустынных и горных местностях Калмыкии, Ростовской области, Дагестана)
Но если пенсионер переезжает в местность, где не действует доплата за проживание в тяжелых климатических условиях, для определения размера пенсии районный коэффициент уже не учитывается.
Если пенсия по инвалидности ниже прожиточного минимума
Всем неработающим пенсионерам, у которых общая сумма материального обеспечения не достигает величины прожиточного минимума пенсионера (ПМП) в регионе его проживания, устанавливаетсяфедеральная или региональная социальная доплата.С помощью этой доплаты пенсия доводится до величины ПМП, установленной в регионе проживания пенсионера. И в результате реальная ежемесячная выплата может быть выше расчетной.
Оформить государственную пенсию по инвалидности можно в любой момент после возникновения права на ее получение. Для этого нужно подать заявление в территориальный орган Социального фонда России, сделав это одним из способов по своему выбору:
в клиентской службе СФР
через МФЦ
по почте
через работодателя, с которым гражданин состоит в трудовых отношениях (с его письменного согласия)
При этом граждане, проживающие в районах Крайнего Севера и в приравненных к ним местностях, подают заявление в территориальный орган СФР по месту своего фактического пребывания в данной местности. Это важно для получения повышенной пенсии.
Заявление можно подать лично или через своего представителя.
Датой обращения за пенсией считается день подачи заявления в МФЦ, день приема заявления в клиентской службе СФР или дата отправления письма с заявлением, указанная на почтовом штемпеле.
Бланк заявления на назначение пенсии по государственному пенсионному обеспечению по инвалидностиПравила заполнения заявления о назначении государственной пенсии по инвалидности
Для назначения государственной пенсии по инвалидности, наряду с соответствующим заявлением предоставляется документ, удостоверяющий личность заявителя. Например, паспорт гражданина Российской Федерации, вид на жительство иностранного гражданина (лица без гражданства).
Дополнительно, если на иждивении инвалида находятся нетрудоспособные члены семьи, необходимо предоставить:
документы, подтверждающие родственные отношения с иждивенцами: свидетельство о рождении, свидетельство об усыновлении (удочерении), свидетельство о заключении брака
другие документы, необходимые для подтверждения дополнительных обстоятельств
В случае если к заявлению о назначении пенсии приложены не все необходимые документы, заявитель вправе предоставить их позже. Сделать это нужно не позднее чем через три месяца со дня получения соответствующего разъяснения территориального органа СФР.
Государственная пенсия по инвалидности назначается с первого числа месяца, в котором гражданин за ней обратился, но не ранее чем со дня возникновения права на ее получение.
Государственная пенсия по инвалидности назначается на период, в течение которого гражданин признается инвалидом, в том числе — бессрочно.
Государственная пенсия по инвалидности выплачивается ежемесячно. Пенсионер вправе выбрать способ доставки пенсии и получать ее как лично, так и через доверенное лицо. Допускается выплата пенсии по доверенности, срок действия которой превышает один год. Но в этом случае пенсионер должен ежегодно подтверждать в Социальном фонде свою регистрацию по месту получения пенсии.
Через организацию федеральной почтовой связи. В этом случае можно получать пенсию на дом или на почте по месту жительства. В соответствии с графиком поступления наличных каждому пенсионеру устанавливается доставочный период, например, с 3-го по 25-е число. Если пенсия не получена в течение шести месяцев, ее выплата приостанавливается. После этого, чтобы почта возобновила обслуживание пенсионера, он должен написать заявление в территориальный орган СФР о возобновлении выплаты пенсии.
Через банк. В этом случае можно получать пенсию в кассе отделения банка или на банковскую карту «МИР». Средства перечисляются на счет пенсионера в тот же день, когда банк получает их от территориального отделения СФР. Вознаграждение за эту операцию банк не берет. А пенсионер при необходимости в любой день может снять деньги со счета.
Чтобы выбрать или изменить способ доставки пенсии, необходимо уведомить об этом СФР любым удобным способом:
онлайн через «Личный кабинет» на «Едином портале государственных и муниципальных услуг (функций)»
подав письменное заявление в любую клиентскую службу СФР или в МФЦ
Бланк заявления о доставке пенсииОбразец заполнения заявления о доставке пенсии"
8,https://sfr.gov.ru/grazhdanam/invalidam/pensions/dve_pens/,Выплата двух пенсий одновременно,"Некоторые категории граждан с инвалидностью могут получать одновременно две пенсии — государственную пенсию по инвалидности и страховую пенсию по старости.
Получать две пенсииимеют право:
граждане, ставшие инвалидами вследствие военной травмы
граждане, пребывавшие в добровольческих формированиях, ставшие инвалидами вследствие увечья (ранения, травмы, контузии) или заболевания, полученных в связи с исполнением обязанностей по контракту о пребывании в добровольческом формировании
Граждане, ставшие инвалидами вследствие участия в боевых действиях в составе Вооруженных Сил ДНР, Народной милиции ЛНР, воинских формирований и органов ДНР и ЛНР
Граждане, заключившие контракт с организациями, содействующими Вооруженным Силам России, и ставшие инвалидами вследствие увечья или заболевания, полученного в ходе СВО
участники Великой Отечественной войны, указанные в подпунктах «а» – «ж» и «и» подпункта 1 пункта 1 статьи 2 Федерального закона от 12.01.1995 года № 5-ФЗ «О ветеранах» и ставшие инвалидами (независимо от причины инвалидности)
граждане, награжденные знаком «Жителю блокадного Ленинграда», «Житель осажденного Севастополя», «Житель осажденного Сталинграда» и ставшие инвалидами (независимо от причины инвалидности)
Две пенсии могут быть также установленычленам семей, потерявших кормильца:
родителям военнослужащих, которые погибли (умерли) в период прохождения военной службы по призыву или умерли после увольнения с военной службы вследствие военной травмы
родителям граждан, пребывавших в добровольческих формированиях, которые погибли (умерли) в период пребывания в добровольческом формировании либо умерли после окончания действия контракта о пребывании в добровольческом формировании, и причиной смерти стали увечья (ранения, травмы, контузии) или заболевания, полученные в связи с исполнением обязанностей по контракту
вдовам военнослужащих, погибших в период прохождения военной службы по призыву вследствие военной травмы (если эти женщины не вступили в новый брак)
вдовам (вдовцам) граждан, пребывавших в добровольческих формированиях, погибших (умерших) вследствие увечья (ранения, травмы, контузии) или заболевания, полученных в связи с исполнением обязанностей (если эти граждане не вступили в новый брак)
детям-инвалидам, являющимся детьми военнослужащих, проходивших военную службу по призыву, погибших (умерших) в период прохождения военной службы или умерших вследствие военной травмы после увольнения с военной службы
детям-инвалидам, являющимся детьми граждан, пребывавших в добровольческих формированиях, погибших (умерших) в период пребывания в добровольческих формированиях или умерших вследствие увечья (ранения, травмы, контузии) или заболевания, полученных в связи с исполнением обязанностей по контракту, после окончания действия контракта
инвалидам с детства I и II групп, являющимся детьми военнослужащих, проходивших военную службу по призыву, погибших (умерших) в период прохождения военной службы или умерших вследствие военной травмы после увольнения с военной службы
инвалидам с детства I и II групп, являющимся детьми граждан, пребывавших в добровольческих формированиях, погибших (умерших) в период пребывания в добровольческих или умерших вследствие увечья (ранения, травмы, контузии) или заболевания, полученных в связи с исполнением обязанностей по контракту, после окончания действия контракта
нетрудоспособным членам семей отдельных категорий граждан, пострадавших в результате катастрофы на Чернобыльской АЭС
Для реализации права на одновременное получение двух пенсий необходимо обратиться с заявлением о назначении второй пенсии в любой территориальный орган СФР или в МФЦ. Адреса клиентских служб Социального фонда России размещеныздесь."
9,https://sfr.gov.ru/grazhdanam/invalidam/tsr/obespechenie_invalidov_TSR/,Обеспечение инвалидов техническими средствами реабилитации,"1. С 1 января 2025 года можно воспользоваться следующими формами обеспечения техническими средствами реабилитации: путем формирования электронного сертификата или в натуральной форме, путем получения направления в организацию, обеспечивающую техническими средствами реабилитации.Право на выплату компенсации сохраняется только по техническим средствам реабилитации, приобретенным до 1 января 2025 года.Заявление на компенсацию технических средств реабилитации можно подать на Госуслугах до 31 января 2025 г. включительно. Далее — только в бумажном виде в отделении СФР или МФЦ.
2. С 1 января 2025 году подать заявление на замену ранее полученного технического средства реабилитации можно будет заблаговременно: не по истечении сроков пользования ТСР, а за 60 календарных дней (учитывая сроки, необходимые для проведения закупочных процедур на поставку ТСР либо выполнение работ по изготовлению протезов)."
10,https://sfr.gov.ru/grazhdanam/invalidam/tsr/tsr_request_sfr/,Получение ТСР в натуральном виде,"Чтобы обеспечить граждан с инвалидностью техническими средствами реабилитации в натуральном виде, Соцфонд проводит закупку их по госконтрактам. В этом случае от граждан не требуется личного участия, в том числе финансового. В зависимости от наличия действующего госконтракта на необходимое ТСР, сроки выдачи направления на ТСР могут меняться. Если контракт заключен, рассмотрение заявления и выдача направления займет 15 дней или 7 дней — для паллиативных больных. Если контракта нет и его необходимо заключить, то срок получение направления на ТСР займет 7 дней после подписания.
После проведения закупочных процедур Социальный фонд России предоставит направление на получение ТСР. Его необходимо предъявить поставщику технического средства реабилитации. Получить изделие можно двумя способами — забрать лично или оформить с доставкой на дом.
При получении ТСР непосредственно у поставщика проезд к месту будет оплачен Социальным фондом России. Если в ИПРА указана необходимость сопровождения, то проезд также будет оплачен сопровождающему лицу."
11,https://sfr.gov.ru/grazhdanam/invalidam/tsr/zayavleniyaTSR/,Заявления,"Форма заявления о предоставлении государственной услуги по обеспечению инвалидов техническими средствами реабилитации и (или) услугами и отдельных категорий граждан из числа ветеранов протезами (кроме зубных протезов), протезно-ортопедическими изделиями, а также по выплате компенсации за самостоятельно приобретенные инвалидами технические средства реабилитации (ветеранами протезы (кроме зубных протезов), протезно-ортопедические изделия) и (или) оплаченные услуги и ежегодной денежной компенсации расходов инвалидов на содержание и ветеринарное обслуживание собак-проводников в соответствии Приложением к Административному регламенту Фонда социального страхования Российской Федерации по предоставлению государственной услуги по обеспечению инвалидов техническими средствами реабилитации и (или) услугами и отдельных категорий граждан из числа ветеранов протезами (кроме зубных протезов), протезно-ортопедическими изделиями, а также по выплате компенсации за самостоятельно приобретенные инвалидами технические средства реабилитации (ветеранами протезы (кроме зубных протезов), протезно-ортопедические изделия) и (или) оплаченные услуги и ежегодной денежной компенсации расходов инвалидов на содержание и ветеринарное обслуживание собак-проводников, утвержденному приказом Фонда социального страхования Российской Федерации от «16» мая 2019 г. № 256."
12,https://sfr.gov.ru/grazhdanam/invalidam/tsr/katalog_TSR_/,Каталог ТСР,"В список ТСР, которыми Социальный фонд обеспечивает граждан, входит продукция для ортопедической коррекции и протезирования, средства для обеспечения мобильности, устройства для людей с нарушениями слуха или зрения, приспособления и расходные материалы для ухода за лежачими больными. Список регулярно дополняется новыми группами товаров. С полным перечнем можно ознакомиться вкаталоге ТСР. В нем представлены более 300 видов изделий и сотни продавцов из разных уголков страны.
Электронный каталог ТСР Социального фонда России позволяет подобрать необходимое изделие по номенклатуре, выбрать подходящего продавца и узнать приблизительный номинал электронного сертификата."
13,https://sfr.gov.ru/grazhdanam/invalidam/tsr/Chasto_zadavaemie_voprosi/,Часто задаваемые вопросы,
14,https://sfr.gov.ru/grazhdanam/invalidam/tsr/svo/,No header,
15,https://sfr.gov.ru/grazhdanam/invalidam/tsr/electronic_tsr/,Приобретение по электронному сертификату,"Электронный сертификат на ТСР представляет собой электронную запись в реестре, привязанную в карте платежной системы «МИР» любого банка. Карта в этом случае служит для идентификации пользователя. Денежные средства, указанные в записи, резервируются в Федеральном казначействе. При покупке сумма направляется напрямую продавцу ТСР. Срок оформления электронного сертификата — 10 рабочих дней.
Номинал сертификата определяется по последнему исполненному государственному контракту на аналогичное изделие. Важно следить, чтобы в ИПРА были указаны наиболее полные характеристики ТСР.
Если номинал сертификата оказался больше стоимости приобретенного изделия, разницу нельзя получить на карту и обналичить. Если номинал электронного сертификата меньше — доплатить возможно из личных средств.
Если в ИПРА указаны несколько технических средств реабилитации, то электронные сертификаты будут оформлены на каждое из них. При этом все сертификаты можно привязать к одной банковской карте.
Приобрести ТСР с использованием электронного сертификата можно у любого продавца, принимающего такой вид оплаты, в том числе и на маркетплейсе OZON. Ознакомиться со списком продавцов можно в электронномкаталоге ТСР. Там же можно узнать приблизительный номинал сертификата.
Посмотреть технические средства реабилитации, на которые выпущен сертификат, и найти продавца можно на портале «Госуслуги».
Срок действия электронного сертификата — 1 год для большинства изделий и 90 дней для подгузников и абсорбирующего белья. Сертификат также перестает действовать одновременно с окончанием действия ИПРА.
Электронный сертификат на ТСР не обязывает совершать покупку. Если исчезла необходимость в нем или стал предпочтителен другой способ обеспечения ТСР, сертификат можно оставить без действия или аннулировать.
При приобретении ТСР с помощью электронного сертификата оплата проезда, в том числе проезда сопровождающего лица, не предусмотрена.
Ознакомиться со списком магазинов, которые принимают электронные сертификаты можно на сайтеГИС ЭСи в электронном каталогеTCP.Перечень TCP, приобретаемых с помощью ЭС, утверждается Минтрудом России."
16,https://sfr.gov.ru/grazhdanam/invalidam/tsr/kak_oformit_tsr/,Как подать заявление на обеспечение ТСР,"Заявление на обеспечение ТСР, независимо от выбранного способа, можно направить в Социальный фонд России следующими способами:
онлайн на портале «Госуслуги»
онлайн на портале «Госуслуги»
лично через клиентскую службу СФР
в МФЦ, принимающем такие заявления
почтовым отправлением
К заявлению необходимо приложить ряд документов:
документ, удостоверяющий личность — паспорт гражданина РФ (свидетельство о рождении детей до 14 лет)
ИПРА (если она разработана до 2016 года) или ЗВК (для ветеранов)
реквизиты банковской карты «МИР» (для оформления электронного сертификата или получения компенсации)
Для представителей необходимы документы, удостоверяющие личности и подтверждающие полномочия.
При направлении заявления по почте потребуются нотариально заверенные копии документов.
Выберите раздел «Здоровье».
Перейдите в пункт «Средства реабилитации или денежная выплата для инвалидов и ветеранов» — там будет вкратце описан состав услуг.
Если у вас нет вопросов, можно переходить к заполнению заявления. Нажмите «Начать» внизу страницы.
Перед заполнением необходимо ответить на несколько вопросов. В первую очередь необходимо уточнить основание для получения услуги — индивидуальная программа реабилитации или абилитации (ИПРА) или заключение врачебной комиссии (ЗВК). ИПРА выдается после прохождения медико-социальной экспертизы (МСЭ) и установления инвалидности, ЗВК выдается ветеранам после прохождения врачебной комиссии.
Затем выберите, для кого заполняете заявление: для себя или другого человека. Если за другого, то необходимо выбрать, кем вы ему приходитесь — родителем или усыновителем, опекуном или попечителем, либо представляете его интересы по доверенности. Дети с инвалидностью старше 18 лет должны оформить заявление в личном кабинете.
Далее необходимо выбрать услугу из списка:направление на выдачу, ремонт, замену ТСР или электронный сертификатвнесение изменений в электронный сертификат или отказ от негонаправление на сурдоперевод, тифлопереводнаправление на предоставление собаки-проводника
направление на выдачу, ремонт, замену ТСР или электронный сертификат
внесение изменений в электронный сертификат или отказ от него
направление на сурдоперевод, тифлоперевод
направление на предоставление собаки-проводника
Затем система предложит выбрать, нужен ли вам сопровождающий. Он может потребоваться, чтобы добраться до места оказания услуги и получения ТСР. Обратите внимание, что сопровождающий должен быть указан в ИПРА. Его также можно включить в компенсацию проезда. Однако при получении электронного сертификата бесплатный проезд сопровождающего не предусмотрен.
После ответа на эти вопросы система напомнит еще раз о том, какие сведения потребуются при оформлении заявления. Нажмите на кнопку «Перейти к заявлению», чтобы начать.
В заявлении автоматически заполнится личная информация, вам необходимо будет лишь ее проверить. Затем введите дату выдачи ИПРА.
Следующим шагом вы сможете выбрать ТСР из предписания. Если вам требуется несколько изделий, их все можно указать в одном заявлении.
Не забудьте приложить документы необходимые для того или иного способа обеспечения."
17,https://sfr.gov.ru/grazhdanam/invalidam/vyplaty_i_lgoty/nadbavka_na_uhod/,"Надбавка на уход к пенсии лицам, достигшим возраста 80 лет или являющимся инвалидами I группы",
18,https://sfr.gov.ru/grazhdanam/invalidam/vyplaty_i_lgoty/invalidi_chernobil/,"Компенсации и денежные выплаты гражданам, получившим инвалидность вследствие катастрофы на Чернобыльской АЭС","Гражданам с инвалидностью, пострадавшим в результате аварии на ЧАЭС, выплачивается пенсия и, кроме пенсии, предоставляется ряд дополнительных мер социальной поддержки:
Ежемесячная денежная выплата
Ежемесячная компенсация в возмещение вреда здоровью
Ежемесячная денежная компенсация на приобретение продовольственных товаров
Ежемесячная денежная компенсация на питание детей в образовательных организациях и специализированных детских учреждениях лечебного и санаторного типа
Дополнительный оплачиваемый отпуск
Ежегодная компенсация за вред здоровью
Единовременная компенсация за вред здоровью
Компенсации и денежные выплаты, предусмотренные этими мерами социальной поддержки, предоставляются без использования районного коэффициента (за исключением оплаты дополнительного отпуска в местностях, где он установлен).
Компенсации и выплаты, адресованные гражданам с инвалидностью вследствие аварии на ЧАЭС, подлежат ежегодной индексации, которая проводится 1 февраля исходя из индекса роста потребительских цен за предыдущий год. Коэффициент индексации определяет Правительство РФ."
19,https://sfr.gov.ru/grazhdanam/invalidam/vyplaty_i_lgoty/edv_invalidam/,Ежемесячная денежная выплата,"Ежемесячная денежная выплата (ЕДВ) — одна из мер социальной поддержки, которые предоставляются взрослым гражданам с инвалидностью и детям с инвалидностью. Для ее назначения может быть несколько оснований.
Социальный фонд России оформляет ЕДВ в беззаявительном порядке, как только в информационную систему фонда поступают сведения об установленной человеку инвалидности.
Если гражданин с инвалидностью может претендовать по другому основанию на ЕДВ большего размера, он вправе в течение месяца после получения извещения о назначенной выплате обратиться в Соцфонд с заявлением об отказе от нее, о ее назначении вновь или по другому основанию.
В состав ЕДВ входит предоставление набора социальных услуг (НСУ).
Размер ежемесячной денежной выплаты зависит от того, в каком виде гражданин с инвалидностью получает НСУ."
20,https://sfr.gov.ru/grazhdanam/invalidam/vyplaty_i_lgoty/sanatorno_kurortnoe_lechenie/,Санаторно-курортное лечение,"Граждане с инвалидностью обеспечиваются санаторно-курортным лечением в рамках набора социальных услуг (НСУ). Это распространяется на взрослых и детей с инвалидностью, а также тех, кому инвалидностью была установлена вследствие военных травм.
Санаторно-курортное лечение предоставляется гражданам с инвалидностью, если к этому есть медицинские показания.
Детям с инвалидностью и инвалидам I группы положены также вторые бесплатные путевки для сопровождающих лиц."
21,https://sfr.gov.ru/grazhdanam/invalidam/vyplaty_i_lgoty/kompensaciya_stoimostipolisa_OSAGO/,Компенсация стоимости полиса ОСАГО,"Социальный фонд России компенсирует гражданам с инвалидностью и их представителям часть расходов по приобретению полиса обязательного страхования автогражданской ответственности (ОСАГО). Компенсация предоставляется один раз в течение календарного года по одному полису, действующему на дату обращения. В полисе, помимо инвалида или его законного представителя, может быть указано не более двух водителей."
22,https://sfr.gov.ru/grazhdanam/invalidam/vyplaty_i_lgoty/MSK_na_socialnuyu_adaptaciyu/,Материнский капитал на социальную адаптацию и интеграцию в общество детей с инвалидностью,"Средствами материнского капитала можно оплатить товары и услуги для социальной адаптации и интеграции в общество детей с инвалидностью. Распорядиться таким образом можно как всеми средствами, так и их частью.
Средства можно направить как на родного ребенка с инвалидностью, так и на усыновленного. Ребенок может быть любым по очереди в семье.
Средства материнского капитала нельзя направить на медицинские услуги, а также на реабилитационные мероприятия, технические средства реабилитации и услуги, предусмотренные федеральным перечнем реабилитационных мероприятий, технических средств реабилитации и услуг, предоставляемых ребенку-инвалиду за счет средств федерального бюджета."
23,https://sfr.gov.ru/grazhdanam/invalidam/vyplaty_i_lgoty/viplati_po_uhody-get_viplati_po_uhody/ev_month/,Выплата по уходу за детьми с инвалидностью или инвалидами с детства I группы,"Если в период ухода, осуществляемого трудоспособным лицом за ребенком-инвалидом и (или) инвалидом с детства I группы, производилась ежемесячная выплата, такой период засчитывается в страховой стаж и отражается в индивидуальном лицевом счете, застрахованного лица, осуществлявшего уход, который ведет СФР.
За каждый полный календарный год, в течение которого осуществлялся уход, начисляется коэффициент 1,8. Это позволяет формировать право на страховую пенсию."
24,https://sfr.gov.ru/grazhdanam/invalidam/tsr/Chasto_zadavaemie_voprosi/~10006,О правилах обеспечения инвалидов (ветеранов) техническими средствами реабилитации,"В соответствии с Федеральным перечнем реабилитационных мероприятий, технических средств реабилитации и услуг, предоставляемых инвалиду, утвержденного распоряжением Правительства Российской Федерации от 30.12.2005 № 2347-р.
В случае если Федеральным перечнем дополнительные ТСР (услуги) не предусмотрены, то Вам в предоставлении ТСР бесплатно будет отказано. В ряде регионов предусмотрена возможность обращения инвалида за дополнительными техническими средствами реабилитации (ТСР), в органы социальной защиты населения. В этом случае дополнительные ТСР могут быть предоставлены инвалиду органами социальной защиты населения за счет средств регионального бюджета.
Нет, лекарства к техническим средствам реабилитации (ТСР) не относятся.
Заявление на обеспечение ТСР необходимо подать 1 раз. Повторно подать заявление необходимо только в случае, если закончился срок пользования ТСР, либо у Вас было переосвидетельствование и замена ИПРА. Также если вы решили изменить вид обеспечения (получение в натуральном виде, компенсация, электронный сертификат).
Срок рассмотрения заявления на обеспечение ТСР - 15 рабочих дней. Если инвалид нуждается в паллиативной помощи - 7 рабочих дней. Срок может быть увеличен до 20 рабочих дней (с даты подачи заявления), в случае если возникла необходимость в уточнении сведений, указанных в ИПРА (например, если вид, наименование или характеристика ТСР не соответствует перечню показаний и противопоказаний для обеспечения инвалидов ТСР). При этом делается межведомственный запрос в орган МСЭ для уточнения сведений. По результату рассмотрения заявления гражданину направляется уведомление о постановке его на учет по обеспечению ТСР.
Если Вам пришло только уведомление о постановке на учет по обеспечению ТСР, значит на поставку данного ТСР у отделения СФР нет действующего контракта. В течение 30 дней после подачи вами заявления на обеспечение на сайте Госзакупок должна быть размещена информация о проведении закупки данного ТСР в рамках государственного контракта. В течение 7 дней после заключения контракта на поставку данного ТСР, Вам будет отправлено направление на получение данного ТСР. В течение 30 календарных дней организация-поставщик должна обеспечить инвалида необходимым ТСР. Больным, нуждающимся в паллиативной помощи, ТСР должно быть предоставлено в течение 7 календарных дней. Если ТСР изготавливается по индивидуальному заказу и предназначается только для личного пользования – в течение 60 календарных дней.
Вам необходимо обратиться за получением ТСР в организацию, которая указана в направление (есть название и адрес). Для получения изделия в пункте выдачи необходимо иметь с собой следующие документы:
Направление;
Паспорт (документ, удостоверяющий личность);
Если ТСР получает представитель инвалида (ветерана):
Документ, подтверждающий полномочия представителя.
При получении ТСР инвалид (или его представитель) должен подписать акт приема-передачи ТСР.
При доставке ТСР оно должно быть в «рабочем» (собранном) состоянии. Сбор может быть осуществлен в месте доставки.
Если организация, в которую инвалиду выдано направление для получения или изготовления необходимого ТСР находится далеко и туда необходимо ехать, то инвалиду (ветерану) предоставляется талон на бесплатный проезд туда и обратно для получения данного технического средства.
Если в ИПРА установлено, что инвалиду (ветерану) необходимо сопровождающее лицо, то проезд оплачивается так же и для сопровождающего.
Для проезда к месту получения ТСР инвалиду (ветерану) одновременно с направлением на получение ТСР региональным отделением СФР выдаются специальные именные талоны. Инвалид может оплатить проезд до организации-поставщика ТСР из собственных средств и подать заявление на компенсацию расходов на проезд.
Для поездки к месту нахождения организации, в которую выдано направление на получение ТСР и обратно можно воспользоваться железнодорожным транспортом (поездом, электричкой) - расстояние до 200 км – в жестком вагоне без плацкарта, свыше 20 км – с плацкартой в купейном вагоне; водным транспортом (теплоход, баржа и т.д.) – на местах 3 категории; автобусом (маршрутным, кроме такси); самолетом (если расстояние свыше 1500 км) – эконом классом и только российские авиакомпании или авиакомпании ЕАЭС. Зарубежными авиакомпаниями можно воспользоваться, только если у вышеперечисленных (российские и компании ЕАЭС) нет рейсов на дату вылета в нужном направлении или полеты туда совсем не осуществляются.
Медико-техническая экспертиза проводится региональным органом - отделением СФР в рамках рассмотрения заявления о ремонте или досрочной замене выданного ранее ТСР. Экспертиза проводится в срок не позднее 15 дней со дня получения заявления. Гражданин обязан предоставить ранее выданное ТСР которое необходимо отремонтировать или заменить. Гражданин должен быть проинформирован о дате и месте осуществления медико-технической экспертизы. Гражданин имеет право принять в ней участие (в заявлении о проведении экспертизы необходимо сообщить о своем желании принимать или не принимать участие в экспертизе).Экспертиза проводится специальной комиссией, которая производит оценку состояния работоспособности ТСР, его соответствия требуемым параметрам. По итогам заседания комиссии выносится решение о необходимости ремонта или замены ТСР."
25,https://sfr.gov.ru/grazhdanam/invalidam/tsr/Chasto_zadavaemie_voprosi/~10008,О порядке приобретения технического средства (изделия) с использованием электронного сертификата,"Электронный сертификат выдается на каждый вид ТСР отдельно. На карту МИР будет записано несколько электронных сертификатов, которыми можно воспользоваться независимо друг от друга в любое время в течение их сроков действия.
Если истёк срок действия карты МИР, то необходимо подать в клиентскую службу отделения СФР заявление произвольной формы на внесение изменений в электронный сертификат и указать номер новой действующей карты МИР. Сертификат с сохранением всей информации прикрепят к новой карте МИР.
При наличии нескольких сертификатов необходимо писать заявление и перечислить в нем все сертификаты, в которые требуется внести изменения.
Нет, наличие действующей карты МИР является обязательным условием для получения сертификата.
Нет, в этом случае Вам нужно подать новое заявление на обеспечение техническими средствами реабилитации с использованием электронного сертификата.
Да, Вы можете использовать сертификат для приобретения ТСР в торговых точках, которые осуществляют продажу товаров по электронному сертификату и принимают к оплате банковские карты МИР."
26,https://sfr.gov.ru/grazhdanam/invalidam/tsr/Chasto_zadavaemie_voprosi/~10005,Общие вопросы,"Какой максимальный срок предоставления ТСР через Социальный фонд России, если нужно заключать контракт?
К сожалению, процесс заключения государственного контракта — это довольно длительный процесс. К нему важно подойти со всей ответственностью, проверить надежность поставщика и убедиться в качестве закупаемых ТСР. Если же изделия вам нужны уже сейчас, вы можете самостоятельно приобрести ТСР с использованием электронного сертификата.
В этом случае заказать изделие в СФР, получить на него электронный сертификат не получится.
К сожалению электронный сертификат оформить не получится. Карты платежных систем отличных от платежной системы МИР, оператором которой является Национальная система платежных карт, не могут быть использованы для реализации мер социальной поддержки. При этом важно именно наличие карты МИР, в каком банке она открыта — не имеет значения.
Если вы зарегистрированы на сайте госуслуг, то, независимо от способа подачи заявления, в личный кабинет на Едином портале направляются сведения о ходе предоставления государственной услуги, в том числе об активации электронного сертификата. Если личного кабинета на сайте госуслуг у вас нет и заявление подавалось лично в МФЦ или отделении Социального фонда, то о выдаче электронного сертификата вы узнаете из информационного письма, выданного или направленного почтовым отправлением по вашему адресу места жительства. Если заявление было подано через портал госуслуг, то уведомление придет в личном кабинете. В нем будет содержаться выписка из реестра электронных сертификатов.
Срок действия электронных сертификатов для разных изделий отличается. Например, для большинства ТСР он составляет 1 год, а в случае с абсорбирующим бельем и подгузниками — 90 дней. Учитывайте, что если срок ИПРА закончится раньше, то сократится и время действия электронного сертификата. При этом не обязательно закупать все необходимые ТСР сразу же после выдачи электронного сертификата. Главное — уложиться в отведенные сроки.
Если в ИПРА обозначено более одного ТСР, то на каждое из них будет выдан отдельный сертификат. При этом все сертификаты могут быть записаны на одну карту МИР."
27,https://sfr.gov.ru/grazhdanam/invalidam/tsr/electronic_tsr/point_map_tsr/,No header,
28,https://sfr.gov.ru/grazhdanam/invalidam/vyplaty_i_lgoty/nadbavka_na_uhod/~10213,Надбавка к пенсии на уход,"C 1 января 2025 года лицам с инвалидностью I группы либо достигшим возраста 80 лет, беззаявительно устанавливается надбавка к пенсии на уход. Она включена в состав пенсии и поступает вместе с ней.
Выплата устанавливается к страховой или государственной пенсии.
Надбавка к пенсии на уход ежегодно индексируется вместе с пенсией соответствующего вида.
Для получателей страховой пенсии с 1 февраля 2025 года размер составил: 1 314 рублей.
Для получателей пенсии по государственному пенсионному обеспечению (в том числе социальной) размер с 1 января 2025 года составил 1 200 рублей; с 1 апреля 2025 года размер составит 1 377 рублей.
Компенсационные выплаты, установленные в связи уходом за престарелыми гражданами, которые нуждаются в постоянной помощи других лиц по заключению лечебного учреждения, сохраняются в размере 1 200 рублей. При этом новые такие выплаты устанавливаться не будут.
Надбавка к пенсии на уход  увеличивается на районный коэффициент в местностях, где они установлены.
Для получения надбавки к пенсии на уход наличие лица, осуществляющего уход, уже не потребуется. Пенсионер сам сможет решать, как лучше распорядиться полученными деньгами. При этом у него останется право обратиться в орган социальной защиты за назначением ухаживающего в рамках системы долговременного ухода.
Для справки: до конца 2024 года компенсация расходов по уходу производилась путем выплаты 1200 руб. неработающим трудоспособным гражданам, которые заботятся о пожилых людях и инвалидахI группы."
29,https://sfr.gov.ru/grazhdanam/invalidam/vyplaty_i_lgoty/invalidi_chernobil/~10236,Ежемесячная денежная компенсация на питание детей,"Этот вид компенсации выплачивается на основании пункта 12 части первой статьи 14, пунктов 9 и 10 части первой статьи 18, пункта 7 статьи 19, пункта 3 части первой и части второй статьи 25 Закона «О социальной защите граждан, подвергшихся воздействию радиации вследствие катастрофы на Чернобыльской АЭС» и постановления Правительства РФ от 31.12.2004 № 907 «О социальной поддержке граждан, подвергшихся воздействию радиации вследствие катастрофы на Чернобыльской АЭС».
Кому полагается
Получить компенсацию может один из родителей либо бабушка, дедушка, один из опекунов (попечителей) следующих категорий детей, которые живут на загрязненных территориях:
Дети, посещающие дошкольные образовательные учреждения
Дети старше трех лет, не посещающие дошкольные образовательные учреждения
Дети, пребывающие в специализированных детских учреждениях лечебного и санаторного типа
Дети, посещающие школу, колледж или другую государственную (муниципальную) образовательную организацию, ведущую обучение по общеобразовательной или профессиональной программе
Дети, не посещающие учебные заведения по медицинским показаниям
Получатели компенсации из числа родителей, бабушек, дедушек, опекунов (попечителей) должны проживать или работать в зонах радиоактивного загрязнения.
Учащиеся старше 18 лет могут получать компенсацию на питание самостоятельно.
Размеры
В 2024 году компенсация установлена в следующих размерах:
651,69 руб. в месяц — на питание детей в дошкольных образовательных организациях, в том числе детей, не посещающих детский сад по медицинским показаниям
325,82 руб. в месяц — на питание детей в дошкольных образовательных организациях и в специализированных детских учреждениях лечебного и санаторного типа
253,41 руб. в месяц — на питание детей в государственных и муниципальных образовательных организациях
126,72 руб. в месяц — на питание детей, не посещающих организации общего, основного общего или среднего общего образования по состоянию здоровья и обучающихся на дому
Как оформить
Заявление можно подать:
через личный кабинет на портале «Госуслуги»
через клиентскую службу Социального фонда
через МФЦ
В случае подачи заявления на портале «Госуслуги» правоподтверждающие документы необходимо представить в территориальный орган СФР в течение 5 рабочих дней со дня поступления в личный кабинет уведомления о приеме и регистрации заявления.
Необходимые документы
Паспорт или другой документ, подтверждающий личность
Удостоверение, дающее право на компенсацию
Сведения о рождении ребенка, подтвержденные указанием реквизитов свидетельства о рождении
Справка об обучении или посещении дошкольного учреждения
Заключение об установлении причинной связи заболеваний ребенка с последствиями радиоактивного облучения одного из родителей (если ребенок болен)
Справка о наличии медицинских показаний, из-за которых ребенок не посещает учебное заведение (для детей, которые учатся на дому)
Полный перечень необходимых документов содержится в приложении к Правилам предоставления ежемесячной денежной компенсации на питание детей в дошкольных образовательных организациях (специализированных детских учреждениях лечебного и санаторного типа), а также обучающихся в общеобразовательных организациях и профессиональных образовательных организациях. Соответствующий документ, утвержден постановлением Правительства РФ от 31.12.2004 № 907.
Сроки оформления
Компенсация расходов на питание детей оформляется с 1-го числа месяца, следующего за месяцем подачи заявления.
Решение о назначении выносится в течение 5 рабочих дней со дня поступления в Социальный фонд всех необходимых документов и сведений.
Уведомление о принятом решении направляется заявителю в течение 3 рабочих дней после его вынесения.
Выплата
Первая выплата компенсации на питание детей осуществляется в течение 5 рабочих дней после принятия решения о назначении. В дальнейшем пособие перечисляется в соответствии с графиком доставки с 1-го по 25-е число каждого месяца."
30,https://sfr.gov.ru/grazhdanam/invalidam/vyplaty_i_lgoty/invalidi_chernobil/~10232,Кто имеет право,"К числу граждан с инвалидностью, получающих компенсации и денежные выплаты в связи с аварией на ЧАЭС, относятся:
Граждане, принимавшие участие в ликвидации последствий катастрофы в пределах зоны отчуждения или работавшие в этот период на Чернобыльской АЭС
Военнослужащие и военнообязанные, привлеченные к выполнению работ, связанных с ликвидацией последствий аварии, а также сотрудники МВД и пожарной охраны, проходившие службу в зоне отчуждения
Граждане, эвакуированные из зоны отчуждения или переселенные из зоны отселения в другие районы, а также добровольно покинувшие эти зоны после принятия решения об эвакуации
Граждане, отдавшие костный мозг для спасения жизни людей, пострадавших в результате чернобыльской катастрофы"
31,https://sfr.gov.ru/grazhdanam/invalidam/vyplaty_i_lgoty/invalidi_chernobil/~10233,Ежемесячная денежная выплата,"Ежемесячная денежная выплата (ЕДВ) гражданам, получившим инвалидность в результате чернобыльской аварии, осуществляется по двум правовым основаниям:
по закону РФ от 15.05.1991 № 1244-1 «О социальной защите граждан, подвергшихся воздействию радиации вследствие катастрофы на Чернобыльской АЭС»
по Федеральному закону от 24.11.1995 № 181-ФЗ «О социальной защите инвалидов в Российской Федерации»
Граждане, получившие инвалидность в результате чернобыльской катастрофы, одновременно получают по двум этим законам две ЕДВ.
Размеры
С 1 февраля 2024 года установлены следующие размеры ежемесячных денежных выплат, адресованных гражданам с инвалидностью вследствие аварии на ЧАЭС:
3802,78 руб. — по закону «О социальной защите граждан, подвергшихся воздействию радиации вследствие катастрофы на Чернобыльской АЭС»
5324,84 — инвалидам I группы по закону «О социальной защите инвалидов в Российской Федерации»
3802,78 — инвалидам II группы по закону «О социальной защите инвалидов в Российской Федерации»
3044,15 — инвалидам III группы по закону «О социальной защите инвалидов в Российской Федерации»
Как оформить
Ежемесячная денежная выплата по закону «О социальной защите инвалидов в Российской Федерации» оформляется беззаявительно. Поэтому гражданам, признанным инвалидами вследствие аварии на ЧАЭС, не нужно обращаться за ее назначением.
Обращение в Социальный фонд России в данном случае необходимо, если требуется:
изменить способ доставки ЕДВ
выбрать форму получения набора социальных услуг (НСУ), который входит в состав ЕДВ
Ежемесячная денежная выплата по закону «О социальной защите граждан, подвергшихся воздействию радиации вследствие катастрофы на Чернобыльской АЭС» назначается по заявлению.
Подать соответствующие заявления можно:
через личный кабинет на портале «Госуслуги»
через клиентскую службу СФР
через МФЦ
Необходимые документы
При обращении в клиентскую службу СФР (МФЦ) для подачи заявления на НСУ или изменение способа доставки денежной выплаты при себе необходимо иметь:
Паспорт или иной документ, подтверждающий личность
Документ, подтверждающий полномочия представителя лица с инвалидностью
Для получения ЕДВ по закону «О социальной защите граждан, подвергшихся воздействию радиации вследствие катастрофы на Чернобыльской АЭС» в клиентскую службу СФР или МФЦ, кроме документа, подтверждающего личность, необходимо представить специальное удостоверение инвалида ЧАЭС.
При подаче заявления на портале «Госуслуги» специальное удостоверение инвалида ЧАЭС необходимо представить в территориальный орган СФР в течение 5 рабочих дней со дня поступления в личный кабинет уведомления о приеме и регистрации заявления.
Сроки оформления
ЕДВ по закону «О социальной защите инвалидов в Российской Федерации» назначается со дня установления инвалидности.
ЕДВ по закону «О социальной защите граждан, подвергшихся воздействию радиации вследствие катастрофы на Чернобыльской АЭС» устанавливается со дня подачи заявления.
Решение о назначении либо об отказе в назначении ЕДВ выносится в течение 10 рабочих дней с момента регистрации заявления. Еще 5 дней отводится на то, чтобы проинформировать заявителя о принятом решении.
Выплата
Доставка единой денежной выплаты осуществляется за текущий календарный месяц. Если гражданин является пенсионером, он получает ЕДВ одновременно с пенсией, а доставка выплаты осуществляется тем же способом, что и доставка пенсии: через организацию федеральной почтовой связи либо через кредитную организацию. Для изменения способа доставки необходимо обратиться с заявлением в СФР."
32,https://sfr.gov.ru/grazhdanam/invalidam/vyplaty_i_lgoty/invalidi_chernobil/~10234,Ежемесячная компенсация в возмещение вреда здоровью,"Эта выплата компенсирует людям с инвалидностью вред, причиненный радиацией их здоровью. Основание выплаты: пункт 15 части первой статьи 14 Закона «О социальной защите граждан, подвергшихся воздействию радиации вследствие катастрофы на Чернобыльской АЭС» и постановление Правительства РФ от 21.08.2001 № 607 «О Порядке выплаты ежемесячной денежной компенсации в возмещение вреда, причиненного здоровью граждан в связи с радиационным воздействием вследствие чернобыльской катастрофы либо с выполнением работ по ликвидации последствий катастрофы на Чернобыльской АЭС».
Получатели
Граждане, ставшие инвалидами вследствие радиационного воздействия
Нетрудоспособные члены семьи, находившиеся на иждивении умершего инвалида ЧАЭС на день его смерти
Размеры
С 1 февраля 2024 года ежемесячная компенсация в возмещение вреда здоровью выплачивается в следующем размере:
27 727,71 руб. в мес. — гражданам с инвалидностью I группы
13 863,87 руб. в мес. — гражданам с инвалидностью II группы
5545,51 руб. в мес. — гражданам с инвалидностью III группы
Размер компенсации каждому члену семьи скончавшегося инвалида ЧАЭС определяется индивидуально в зависимости от количества нетрудоспособных членов семьи.
Как оформить
Заявление можно подать:
через личный кабинет на портале «Госуслуги»
через клиентскую службу Социального фонда
через МФЦ
В случае подачи заявления на портале «Госуслуги» правоподтверждающие документы необходимо представить в территориальный орган СФР в течение 5 рабочих дней со дня поступления в личный кабинет уведомления о приеме и регистрации заявления.
Необходимые документы
Паспорт или другой документ, удостоверяющий личность
Специальное удостоверение инвалида ЧАЭС
Удостоверение члена семьи инвалида ЧАЭС
Полный перечень необходимых документов содержится в приложении к Порядку выплаты ежемесячной денежной компенсации в возмещение вреда, причиненного здоровью граждан в связи с радиационным воздействием вследствие чернобыльской катастрофы либо с выполнением работ по ликвидации последствий катастрофы на ЧАЭС. Соответствующий документ утвержден постановлением Правительства РФ от 21.08.2001 № 607.
Сроки оформления
Ежемесячная компенсация в возмещение вреда здоровью вследствие аварии на ЧАЭС назначается СФР со дня подачи заявления.
Решение о назначении выносится в течение 5 рабочих дней со дня поступления в Социальный фонд всех необходимых документов и сведений.
Уведомление о принятом решении направляется заявителю в течение 3 рабочих дней после его вынесения.
Выплата
Первую выплату компенсации в возмещение вреда здоровью СФР производит в течение 5 рабочих дней после принятия решения о ее назначении. В дальнейшем выплаты осуществляются в соответствии с установленным графиком доставки с 1-го по 25-е число месяца, следующего за тем месяцем, за который начислена компенсация."
33,https://sfr.gov.ru/grazhdanam/invalidam/vyplaty_i_lgoty/invalidi_chernobil/~10237,Дополнительный оплачиваемый отпуск,"Граждане, получившие инвалидность вследствие аварии на Чернобыльской АЭС, имеют право на ежегодный дополнительный оплачиваемый отпуск продолжительностью 14 дней и его оплату. Эти меры поддержки предоставляются на основании пункта 5 части первой статьи 14 Закона «О социальной защите граждан, подвергшихся воздействию радиации вследствие катастрофы на Чернобыльской АЭС» и постановления Правительства РФ от 03.03.2007 № 136 «О порядке предоставления мер социальной поддержки гражданам, подвергшимся воздействию радиации вследствие катастрофы на Чернобыльской АЭС и ядерных испытаний на Семипалатинском полигоне, в связи с исполнением ими трудовых обязанностей, а также выплаты пособия на погребение граждан, погибших (умерших) в связи с чернобыльской катастрофой».
Размеры
Размер оплаты дополнительного отпуска определяется индивидуально, исходя из среднедневного заработка работника. Его рассчитывает работодатель, который предоставляет дополнительный отпуск.
Как оформить
Для того чтобы получить оплату дополнительного отпуска, необходимо подать заявление в Социальный фонд России. Сделать это можно:
через личный кабинет на портале «Госуслуги»
через клиентскую службу Социального фонда
через МФЦ
В случае подачи заявления на портале «Госуслуги» правоподтверждающие документы необходимо представить в территориальный орган СФР в течение 5 рабочих дней со дня поступления в личный кабинет уведомления о приеме и регистрации заявления.
Необходимые документы
Паспорт или другой документ, удостоверяющий личность
Специальное удостоверение инвалида ЧАЭС
Справка о размере среднего заработка с указанием причитающейся к выплате итоговой суммы и периода, за который предоставляется отпуск. Справка должна быть подписана руководителем организации и главным бухгалтером (с расшифровкой подписей) и заверена печатью (при наличии печати)
Полный перечень необходимых документов содержится в приложении к Правилам оплаты дополнительного оплачиваемого отпуска и предоставления единовременной компенсации на оздоровление, выплачиваемой одновременно с дополнительным оплачиваемым отпуском гражданам, подвергшимся воздействию радиации вследствие катастрофы на Чернобыльской АЭС. Соответствующий документ утвержден постановлением Правительства РФ от 03.03.2007 № 136.
Сроки оформления
Решение об оплате дополнительного отпуска выносится в течение 5 рабочих дней со дня поступления в Социальный фонд всех необходимых документов и сведений .
Уведомление о принятом решении направляется заявителю в течение 3 рабочих дней после вынесения.
Выплата
Гражданам, получившим инвалидность вследствие аварии на ЧАЭС, Социальный фонд оплачивает дополнительный отпуск в течение 5 рабочих дней после принятия соответствующего решения."
34,https://sfr.gov.ru/grazhdanam/invalidam/vyplaty_i_lgoty/invalidi_chernobil/~10238,Ежегодная и единовременная компенсации за вред здоровью,"Ежегодная и единовременная компенсации за вред здоровью инвалидам ЧАЭС предусмотрены частью первой и частью второй статьи 39 Закона «О социальной защите граждан, подвергшихся воздействию радиации вследствие катастрофы на Чернобыльской АЭС» и постановлением Правительства РФ от 31.12.2004 № 907 «О социальной поддержке граждан, подвергшихся воздействию радиации вследствие катастрофы на Чернобыльской АЭС».
Размеры
Ежегодная компенсацияза вред, нанесенный здоровью вследствие катастрофы на Чернобыльской АЭС, в 2024 году выплачивается в следующем размере:
2210,20 руб. в год — инвалидам I и II группы
1768,18 руб. в год — инвалидам III группы
Единовременная компенсацияза вред, нанесенный здоровью вследствие катастрофы на Чернобыльской АЭС, в 2024 году выплачивается в следующем размере:
44 203,62 руб. — инвалидам I группы
30 942,55 руб. — инвалидам II группы
22 101,88 руб. — инвалидам III группы
В случае усиления группы инвалидности при переосвидетельствовании в федеральных учреждениях медико-социальной экспертизы единовременная компенсация выплачивается по вновь назначенной группе инвалидности с зачетом ранее выплаченной суммы единовременной компенсации.
Как оформить
Заявление можно подать:
через личный кабинет на портале «Госуслуги»
через клиентскую службу Социального фонд
через МФЦ
В случае подачи заявления на портале «Госуслуги» правоподтверждающие документы необходимо представить в территориальный орган СФР в течение 5 рабочих дней со дня поступления в личный кабинет уведомления о приеме и регистрации заявления.
Необходимые документы
Паспорт или другой документ, подтверждающий личность
Специальное удостоверение инвалида ЧАЭС
Сроки оформления
Решение о назначении ежегодной и единовременной компенсации за вред здоровью выносится в течение 5 рабочих дней со дня поступления в Социальный фонд всех необходимых документов и сведений.
Уведомление о принятом решении направляется заявителю в течение 3 рабочих дней после его вынесения.
Выплата
СФР выплачивает ежегодную и единовременную компенсацию за вред здоровью в течение 5 рабочих дней после принятия соответствующего решения."
35,https://sfr.gov.ru/grazhdanam/invalidam/vyplaty_i_lgoty/invalidi_chernobil/~10235,Ежемесячная денежная компенсация на приобретение продовольственных товаров,"Этот вид компенсации выплачивается на основании пункта 13 части первой статьи 14 Закона «О социальной защите граждан, подвергшихся воздействию радиации вследствие катастрофы на Чернобыльской АЭС» и постановления Правительства РФ от 31.12.2004 № 907 «О социальной поддержке граждан, подвергшихся воздействию радиации вследствие катастрофы на Чернобыльской АЭС».
Кому полагается
Получить ежемесячную денежную компенсацию на приобретение продовольственных товаров имеют право:
Граждане, получившие инвалидность вследствие радиационного воздействия
Дети до 14 лет, совместно проживающие с гражданами, получившими инвалидность вследствие ЧАЭС
Размеры
В 2024 году инвалиды вследствие чернобыльской катастрофы и проживающие с ними дети до 14 лет получают на приобретение продовольственных товаров 1326,12 руб в месяц.
Как оформить
Заявление можно подать:
через личный кабинет на портале «Госуслуги»
через клиентскую службу Социального фонда
через МФЦ
В случае подачи заявления на портале «Госуслуги» правоподтверждающие документы необходимо представить в территориальный орган СФР в течение 5 рабочих дней со дня поступления в личный кабинет уведомления о приеме и регистрации заявления.
Необходимые документы
Паспорт или другой документ, удостоверяющий личность
Специальное удостоверение инвалида ЧАЭС
Сведения о рождении ребенка, подтвержденные указанием реквизитов свидетельства о рождении
Полный перечень необходимых документов содержится в приложении к Правилам предоставления ежемесячной денежной компенсации на приобретение продовольственных товаров гражданам, подвергшимся воздействию радиации вследствие катастрофы на Чернобыльской АЭС. Этот документ утвержден постановлением Правительства РФ от 31.12.2004 № 907.
Сроки оформления
Решение о назначении денежной компенсации на приобретение продовольственных товаров выносится в течение 5 рабочих дней со дня поступления в Социальный фонд всех необходимых документов и сведений.
Уведомление о принятом решении направляется заявителю в течение 3 рабочих дней после его вынесения.
Выплата
Компенсация на приобретение продовольственных товаров выплачивается с месяца, который следует за месяцем подачи заявления.
Выплаты осуществляются в соответствии с графиком доставки с 1-го по 25-е число месяца, следующего за тем месяцем, за который начислена компенсация."
36,https://sfr.gov.ru/grazhdanam/invalidam/vyplaty_i_lgoty/edv_invalidam/~10210,Размер ЕДВ,"Полный размер ЕДВ, с учетом денежного эквивалента набора социальных услуг зависит от категории получателя.
Инвалиды I группы
5 830,70 руб.
Инвалиды II группы
4 164,04 руб.
Инвалиды III группы
3 333,34 руб.
Дети с инвалидностью
4 164,04 руб.
Некоторые категории граждан с инвалидностью могут иметь несколько оснований для назначения ЕДВ — если причиной инвалидности стала военная травма или лучевая болезнь. В этом случае они могут выбрать, по какому основанию получать ЕДВ и обратиться в Соцфонд с соответствующим заявлением.
Исключение составляют граждане, подвергшиеся воздействию радиации вследствие катастрофы на Чернобыльской АЭС, — им могут устанавливаться одновременно две ЕДВ по двум основаниям."
37,https://sfr.gov.ru/grazhdanam/invalidam/vyplaty_i_lgoty/edv_invalidam/~10212,Как оформить,"Поскольку гражданам с инвалидностью, независимо от причины инвалидности, ЕДВ назначается беззаявительно, обращаться за ее назначением не нужно.
Обращение в Социальный фонд России может потребоваться, если необходимо:
отказаться от ЕДВ, установленной беззаявительно
изменить основание выплаты ЕДВ
изменить способ доставки ЕДВ
выбрать форму получения набора социальных услуг
Подать соответствующие заявления можно следующими способами:
в клиентской службе СФР
через МФЦ
на портале «Госуслуги»
Граждане, находящиеся в местах лишения свободы, могут направить заявление в Социальный фонд России через администрацию исправительного учреждения."
38,https://sfr.gov.ru/grazhdanam/invalidam/vyplaty_i_lgoty/edv_invalidam/~10211,Доставка ЕДВ,"Доставка ежемесячной денежной выплаты пенсионерам осуществляется одновременно с пенсией и тем же способом. Для изменения способа доставки необходимо обратиться с заявлением в отделение Социального фонда России.
Гражданам, не получающим пенсию, необходимо выбрать подходящий им способ доставки — через почтовую организацию или через банк. Для этого в СФР необходимо подать заявление о доставке ЕДВ. Полный перечень организаций, занимающихся доставкой социальных выплат в регионах (в том числе осуществляющих доставку выплат на дом), есть в распоряжении территориальных отделений Социального фонда России.
Осужденным к лишению свободы Доставка ЕДВ производится исправительным учреждением путем перечисления на лицевой счет осужденного.
Особый случай, если человек признан недееспособным и проживает в учреждении, на которое возложены функции его представителя (например, в интернате или пансионате для престарелых). В такой ситуации ЕДВ перечисляется на счет, открытый на имя гражданина с инвалидностью данной организацией.
Доставка ежемесячной денежной выплаты осуществляется в течение соответствующего календарного месяца."
39,https://sfr.gov.ru/grazhdanam/invalidam/vyplaty_i_lgoty/edv_invalidam/~10209,Набор социальных услуг,"Набор соцуслуг включает в себя медицинскую, санаторно-курортную и транспортную составляющие. Он устанавливается гражданам с инвалидностью беззаявительно, одновременно с назначением ЕДВ. Социальные услуги можно получать в натуральной форме в виде услуг или в форме денежной компенсации. Получать полный набор не обязательно — можно выбрать одну или несколько по своему усмотрению.
Выбирать форму получения НСУ можно ежегодно. Для смены формы на следующий календарный год, необходимо подать соответствующее заявление в СФР до 1 октября текущего года.
Натуральная форма
Денежный эквивалент
Лекарства, медицинские изделия, а также лечебное питание для детей с инвалидностью
1331,30 руб.
Санаторно-курортное лечение для профилактики основных заболеваний
205,95 руб.
Бесплатный проезд на пригородном железнодорожном транспорте или на междугородном транспорте к месту лечения и обратно
191,21 руб.
НСУ полностью
1728,46 руб.
При выборе натуральной формы одной или нескольких социальных услуг, ежемесячная денежная выплата будет уменьшена на их стоимость."
40,https://sfr.gov.ru/grazhdanam/invalidam/vyplaty_i_lgoty/sanatorno_kurortnoe_lechenie/~10223,Необходимые документы,"Справка по форме № 070/у оформляется по итогам медкомиссии. На ней врачи определяют, не принесет ли пациенту сейчас вред санаторно-курортное лечение, не представляет ли он опасности для здоровья других людей и какое лечение необходимо.
Необходимый минимум медосмотра включает:
осмотр врачей-специалистов: терапевта, гинеколога (для женщин)
исследования: флюорография легких, ЭКГ
анализы: клинический анализ крови, глюкоза в венозной крови, клинический анализ мочи, мазок на онкоцитологию (для женщин)
Если есть показания, лечащий врач назначит дополнительные обследования.
В справке будут указаны:
основной диагноз
сопутствующие заболевания
рекомендуемое санаторно-курортное лечение и предпочтительное место
При медицинских противопоказаниях в справке могут отказать."
41,https://sfr.gov.ru/grazhdanam/invalidam/vyplaty_i_lgoty/sanatorno_kurortnoe_lechenie/~10222,Место лечения,"Профиль санатория определяется по рекомендациям лечащего врача и врачебной комиссии. Они указаны в справке по форме № 070/у.
Лечение происходит в санаториях, с которыми Социальный фонд России заключил государственный контракт в соответствии с Федеральным законом от 05 апреля 2013 года № 44-ФЗ «О контрактной системе в сфере закупок товаров, работ, услуг для обеспечения государственных и муниципальных нужд».
Поскольку основные реабилитационные мероприятия санаторно-курортного учреждения могут выполняться в любой сезон, возможность самостоятельного выбора времени лечения не предусмотрена.
Предоставление путевок на санаторно-курортное лечение осуществляется в порядке очередности."
42,https://sfr.gov.ru/grazhdanam/invalidam/vyplaty_i_lgoty/sanatorno_kurortnoe_lechenie/~10224,Продолжительность лечения,"Продолжительность лечения зависит от категории получателя услуги.
18 дней — для граждан с инвалидностью
21 день — для детей с инвалидностью
24–42 дня — для инвалидов с заболеваниями и последствиями травм спинного и головного мозга"
43,https://sfr.gov.ru/grazhdanam/invalidam/vyplaty_i_lgoty/sanatorno_kurortnoe_lechenie/~10225,Проезд к месту лечения,"Вместе с путевкой Социальный фонд России предоставляет бесплатный проезд к санаторию. Поездка может состояться на поезде, автобусе, самолете и на водном транспорте. Маршрут и вид транспорта определяются по критериям оптимальности и доступности.
Сопровождающим детей с инвалидностью и инвалидов I группы также оформляются проездные документы.
При поездке на поезде оформляется электронный талон, который надо предъявить на кассе РЖД или указать на сайте при оформлении билета(ов)
При поездке на автобусе, самолете или водном транспорте предоставляется именное направление, которое необходимо предъявить в билетной кассе"
44,https://sfr.gov.ru/grazhdanam/invalidam/vyplaty_i_lgoty/sanatorno_kurortnoe_lechenie/~10226,Как оформить,"Чтобы воспользоваться услугой, необходимо сохранить санаторно-курортное лечение и проезд к месту лечения в составе набора социальных услуг в натуральном виде.
Для оформления путевки и билетов необходимо обратиться в Социальный фонд России с заявлением. К нему должны быть приложены документ, удостоверяющий личность, и справка по форме № 070/у. Заявление можно направить:
в клиентской службе СФР
через МФЦ, принимающий такие заявления
через портал «Госуслуги»
Если заявление подает законный или уполномоченный представитель, то дополнительно необходимо представить: документ, удостоверяющий личность представителя, документ, подтверждающий его полномочия, а также нотариально заверенную доверенность."
45,https://sfr.gov.ru/grazhdanam/invalidam/vyplaty_i_lgoty/kompensaciya_stoimostipolisa_OSAGO/~10230,Сроки оформления,"Социальный фонд в течение 5 рабочих дней рассматривает заявление владельца полиса и сведения о нем, поступившие по каналам межведомственного взаимодействия. Если каких-то документов (сведений) не хватает, то рассмотрение заявления приостанавливается на срок до 5 рабочих дней, в течение которых делается запрос о предоставлении недостающей информации. После того, как все необходимые документы (сведения) собраны, СФР выносит решение в течении 5 рабочих дней."
46,https://sfr.gov.ru/grazhdanam/invalidam/vyplaty_i_lgoty/kompensaciya_stoimostipolisa_OSAGO/~10227,Кто имеет право,"Компенсировать расходы по оформлению полиса ОСАГО могут владельцы автомобилей, которым приобретение автотранспортного средства рекомендовано в связи с медицинскими показаниями, которые должны быть указаны виндивидуальной программе реабилитации и абилитации (ИПРА). В их число входят:
Взрослые граждане с инвалидностью или их законные представители
Родители (усыновители, опекуны или попечители) детей с инвалидностью"
47,https://sfr.gov.ru/grazhdanam/invalidam/vyplaty_i_lgoty/kompensaciya_stoimostipolisa_OSAGO/~10229,Как оформить,"Компенсация стоимости полиса ОСАГО может быть предоставлена как по заявлению гражданина, так и без него. В последнем случае приобретатель полиса не участвует в оформлении выплаты. СФР выплачивает ему деньги в беззаявительном порядке, получив сообщение об оформлении договора ОСАГО из автоматизированной информационной системы страхования и самостоятельно запросив в других ведомствах все прочие сведения.
Беззаявительное оформление компенсациивозможно, если при оформлении полиса ОСАГО страхователь указал свой СНИЛС и (или) СНИЛС гражданина с инвалидностью, а в базе данных СФР уже имеются все необходимые данные о получателе выплаты:
об установлении инвалидности и медицинских показаниях к приобретению автомобиля, прописанных в ИПРА
о законном представителе гражданина с инвалидностью (если тот является заявителем)
о реквизитах банковского счета заявителя
В этом случае, как только СФР получает сведения об оформленном полисе ОСАГО из автоматизированной информационной системы страхования, он самостоятельно запрашивает необходимые сведения в других ведомствах и затем осуществляет выплату компенсации страховой премии.
Заявлениена получение компенсации можно подать:
в электронном виде через личный кабинет портала «Госуслуги»
лично через клиентскую службу СФР или МФЦ
При этом заявителю не нужно собирать документы, необходимые для предоставления компенсации. Достаточно сообщить в СФР реквизиты своего банковского счета."
48,https://sfr.gov.ru/grazhdanam/invalidam/vyplaty_i_lgoty/kompensaciya_stoimostipolisa_OSAGO/~10228,Размер,"50% страховой премии, уплаченной по договору ОСАГО."
49,https://sfr.gov.ru/grazhdanam/invalidam/vyplaty_i_lgoty/kompensaciya_stoimostipolisa_OSAGO/~10231,Выплата,"Компенсация расходов на приобретение полиса ОСАГО производится в течение 5 рабочих дней со дня принятия соответствующего решения. Деньги выплачиваются с доставкой на дом или перечислением на счет в банке. Способ получения средств определяет гражданин с инвалидностью или его представитель. Для этого, если способ не был выбран ранее, нужно направить в Социальный фонд России заявление."
50,https://sfr.gov.ru/grazhdanam/invalidam/vyplaty_i_lgoty/MSK_na_socialnuyu_adaptaciyu/~10219,На что можно потратить,"В списке изделий и приспособлений, на которые можно направить средства маткапитала, есть устройства для обучения и коммуникации, а также для организации комфортной и доступной среды внутри дома и на прилегающих общественных пространствах.
Вид изделия
Код изделия
I. Товары
09 33 21
Велосипеды с ручным приводом
12 18 05
Вспомогательные средства для перемещения человека, сидящего в кресле-коляске, при посадке в транспортное средство или высадке из него
12 12 18
Вспомогательные средства для позиционирования курсора и выбора нужной точки на дисплее компьютера
22 36 21
Вспомогательные средства и инструменты для измерения климатических параметров
27 06 21
Вспомогательные средства обучения повседневной персональной деятельности
05 33 06
Вспомогательные электронные средства ориентации
12 39 06
Тактильные компьютерные дисплеи
22 39 05
Доски для письма, доски для черчения и доски для рисования
22 12 06
30 03 09
Клавиатуры
22 36 03
Портативные компьютеры и персональные цифровые ассистенты (PDA)
22 33 06
Настольные (не портативные) компьютеры
22 33 03
Кресла для ванны (душа) на колесиках или без них
09 33 07
Функциональные кресла
18 09 09
Кровати и съемные кровати-платформы (подматрацные платформы) с механической регулировкой
18 12 10
Кровати и съемные кровати-платформы (подматрацные платформы), регулируемые вручную
18 12 07
Транспортные средства с электрическим приводом для преодоления лестниц
12 17 03
Наколенные лотки и столы, прикрепляемые к креслам
18 10 24
Очки и контактные линзы
22 03 06
Материалы для маркировки и инструменты для маркировки
22 27 27
Калькуляторы
22 15 06
Пишущие машинки
22 12 15
Читающие машины
22 30 21
Головные телефоны
22 18 38
Оборудование для тренировки опорно-двигательного и вестибулярного аппаратов
Подставки для книг и книгодержатели
22 30 15
Подъемники для перемещения человека, не сидящего в кресле-коляске, при посадке в транспортное средство или высадке из него
12 12 15
Лестничные подъемники с платформой
18 30 11
Мобильные подъемники для перемещения человека в положение стоя
12 36 04
Мобильные подъемники для перемещения человека, размещенного на сиденье, подвешенном на канатах (стропах)
12 36 03
Стационарные подъемники, прикрепленные к стенам, полу или потолку
12 36 12
Предметы мебели для сидения
Приборы для письма шрифтом Брайля
22 12 12
Принадлежности мебели для сидения
Переносные (портативные) рампы
18 30 15
Специальная бумага (пластик для письма)
22 12 18
Средства для рисования и рукописи
22 12 03
Средства для поддержания памяти
22 27 16
Телефонные аппараты для мобильных сетей
22 24 06
Тележки
24 36 12
Индукционно-петлевые устройства
22 18 30
Устройства, оборудование и материалы для анализа крови
04 24 12
Альтернативные устройства ввода
22 36 12
Портативные устройства для записи алфавитом Брайля
22 12 21
Часы и хронометры
22 27 12
Системы радиочастотной передачи
22 18 24
Коммуникационные усилители
22 21 06
Вспомогательные средства обучения азбуке Брайля
05 06 15
Тактильные материалы для чтения
22 30 24
Вспомогательные средства для стимуляции ощущений и чувствительности
04 27 18
Принадлежности устройств ввода
22 36 15
Звуковые компьютерные дисплеи
22 39 07
Инфузионные насосы
04 19 24
Силовые установки для кресел-колясок с ручным приводом
12 24 09
Доски для сидения в ванне
09 33 04
Сиденья для ванны
09 33 05
Опоры для спины для принятия ванны или душа
09 33 08
II. Услуги
Услуги чтеца-секретаря"
51,https://sfr.gov.ru/grazhdanam/invalidam/vyplaty_i_lgoty/MSK_na_socialnuyu_adaptaciyu/~10221,Как оформить,"Для распоряжения материнским капиталом необходимо подать заявление в любой территориальный орган Социального фонда России независимо от места жительства (пребывания) или фактического проживания. Сделать это можно следующими способами:
онлайн на портале «Госуслуги»
онлайн на портале «Госуслуги»
лично в клиентской службе СФР
через МФЦ
Граждане Российской Федерации, выехавшие на постоянное место жительства за пределы страны и не имеющие подтвержденного регистрацией места жительства или места пребывания на территории РФ с заявлением о распоряжении материнским капиталом могут обратиться в Департамент социального обеспечения при переселении и интеграции, по адресу: г. Москва, ул. Академика Анохина, д. 20, к. А (ст. метро «Юго-Западная»). Направление в СФР заявления и документов почтовой связью осуществляется по адресу: 119991, г. Москва, ул. Шаболовка, д.4, ГСП-1."
52,https://sfr.gov.ru/grazhdanam/invalidam/vyplaty_i_lgoty/MSK_na_socialnuyu_adaptaciyu/~10220,Условия распоряжения,"Чтобы распорядиться материнским капиталом на товары и услуги для социальной адаптации и интеграции в общество детей с инвалидностью, необходимо предписание медико-социальной экспертизы (МСЭ).
Для этого предварительно необходимо обратиться:
в организацию здравоохранения, там получается направление на медико-социальную экспертизу
в бюро медико-социальной экспертизы, чтобы пройти переосвидетельствование и дополнить индивидуальную программу реабилитации или абилитации рекомендацией приобрести необходимые товары и услуги за счет средств материнского капитала
Затем можно совершать покупку, обязательно сохраняя все платежные документы."
